record,team,username,opp_team,opp_username,season,week,end_season,end_week,value,player
high_score,MorsetheSeaHorse,MorsetheSeaHorse,,,2026,4,,,184.22,
low_score,Optimus Slime,haymond,,,2026,2,,,65.12,
mvp,MorsetheSeaHorse,MorsetheSeaHorse,,,2026,4,,,45.2,Tetairoa McMillan
win_streak,KingSoladi,KingSoladi,,,2026,1,2026,4,4,
loss_streak,20russellw,20russellw,,,2026,1,2026,3,3,
loss_streak,Cozy Table,reaveskii,,,2026,1,2026,3,3,
loss_streak,Optimus Slime,haymond,,,2026,2,2026,4,3,
loss_streak,Ka'imi Fairbairn Fan Club,nathanklu16,,,2026,2,2026,4,3,
high_matchup,MorsetheSeaHorse,MorsetheSeaHorse,KingSoladi,KingSoladi,2026,1,,,318.3,
low_matchup,Wright Dining Pasta,ctSQD,Optimus Slime,haymond,2026,2,,,162.16,
